{
  "experiment": "exp_2",
  "dataset": "wiki_eval_v4",
  "num_examples": 200,
  "description": "add HyDE query expansion",
  "top_k": 20,
  "top_n": 3,
  "summary": {
    "precision_k": 0.19024999999999997,
    "recall_k": 0.9348236357285933,
    "hit_k": 1.0,
    "mrr_k": 0.8938333333333334,
    "precision_n": 0.6733333333333333,
    "recall_n": 0.5906857588917503,
    "hit_n": 0.965,
    "mrr_n": 0.8825,
    "faithfulness": 0.6750499999999999
  }
}