{
  "experiment": "exp_4",
  "dataset": "wiki_eval_v4",
  "num_examples": 200,
  "description": "add context to chunk embeddings in indexer",
  "top_k": 20,
  "top_n": 3,
  "summary": {
    "precision_k": 0.16675,
    "recall_k": 0.8343646711777677,
    "hit_k": 0.945,
    "mrr_k": 0.5936926406926407,
    "precision_n": 0.3583333333333333,
    "recall_n": 0.33864199447895094,
    "hit_n": 0.66,
    "mrr_n": 0.49,
    "faithfulness": 0.66525
  }
}