{
  "experiment": "exp_4",
  "dataset": "wiki_eval_v4",
  "num_examples": 200,
  "description": "add context to chunk embeddings in indexer",
  "top_k": 20,
  "top_n": 3,
  "summary": {
    "precision_k": 0.192,
    "recall_k": 0.9444144447810937,
    "hit_k": 1.0,
    "mrr_k": 0.9155555555555556,
    "precision_n": 0.6716666666666667,
    "recall_n": 0.5947304743389048,
    "hit_n": 0.98,
    "mrr_n": 0.8908333333333333,
    "faithfulness": 0.6857
  }
}