{
  "experiment": "exp_1",
  "dataset": "wiki_eval_v4",
  "num_examples": 200,
  "description": "baseline",
  "top_k": 20,
  "top_n": 3,
  "summary": {
    "precision_k": 0.1845,
    "recall_k": 0.9226913346462657,
    "hit_k": 1.0,
    "mrr_k": 0.9023095238095238,
    "precision_n": 0.6833333333333332,
    "recall_n": 0.5939505672541198,
    "hit_n": 0.98,
    "mrr_n": 0.9241666666666667,
    "faithfulness": 0.6789000000000001
  }
}
