{
  "experiment": "exp_1",
  "dataset": "wiki_eval_v4",
  "num_examples": 200,
  "description": "baseline",
  "top_k": 20,
  "top_n": 3,
  "summary": {
    "precision_k": 0.185,
    "recall_k": 0.9183747938022858,
    "hit_k": 1.0,
    "mrr_k": 0.8804821428571428,
    "precision_n": 0.645,
    "recall_n": 0.5690190922250837,
    "hit_n": 0.955,
    "mrr_n": 0.8833333333333333,
    "faithfulness": 0.69415
  }
}