{
  "experiment": "exp_3",
  "dataset": "wiki_eval_v4",
  "num_examples": 200,
  "description": "switch to text-embedding-3-large",
  "top_k": 20,
  "top_n": 3,
  "summary": {
    "precision_k": 0.18899999999999997,
    "recall_k": 0.9316801473682439,
    "hit_k": 1.0,
    "mrr_k": 0.9098354978354979,
    "precision_n": 0.6566666666666667,
    "recall_n": 0.5789000446060362,
    "hit_n": 0.95,
    "mrr_n": 0.8825,
    "faithfulness": 0.6981999999999999
  }
}
