{
  "experiment": "exp_3",
  "dataset": "wiki_eval_v3",
  "num_examples": 200,
  "description": "switch to text-embedding-3-large",
  "top_k": 20,
  "top_n": 3,
  "summary": {
    "precision_k": 0.17850000000000002,
    "recall_k": 0.9072104978354979,
    "hit_k": 0.98,
    "mrr_k": 0.8909722222222223,
    "precision_n": 0.645,
    "recall_n": 0.5794886363636363,
    "hit_n": 0.96,
    "mrr_n": 0.8908333333333333,
    "faithfulness": 0.6814
  }
}